artist_country,pop,rock,jazz, eletronic, alternative rock
Canada,0.4117075,0.3935280,0.3524763,0.3706745,0.3879883
France,0.3849582,0.3532791,0.3712975,0.3711908,0.3761877
Jamaica,0.4211022,0.3845302,0.3879428,0.3880492,0.3815841
United Kingdom,0.4223148,0.4223655,0.4062282,0.4148900,0.3951738
United States,0.3940395,0.3890753,0.3650070,0.3810047,0.3908925